"class","f1","f2","f3","f4","f5","f6","f7","f8","f9","f10","f11","f12","f13"
"a",-0.75926,-0.65079,78.1025,0.87606,42.0,0.0,1.0,198.36558,5.63211,7.57776,4.01448,1.42578,625.0
"a",0.0,-1.0,85.79627,0.85964,46.38965,0.12934,0.9916,212.33099,6.52816,8.67074,3.7555,0.89778,843.0
"a",-0.91381,-0.40614,113.17243,0.7604,48.27007,0.22788,0.97369,282.70069,5.42102,5.5405,2.1354,1.75781,828.0
"a",-0.97014,-0.24254,111.8034,0.82335,74.33034,0.18835,0.9821,301.36545,5.03414,7.28191,2.43228,1.89453,688.0
"a",-0.8,-0.6,104.80458,0.8394,70.34913,0.0995,0.99504,271.79532,5.69518,6.9131,2.24963,1.45778,765.0
"a",-0.85749,-0.5145,122.28655,0.88967,83.02409,-0.02409,0.99971,309.40483,5.91601,6.21122,2.28012,1.28444,703.0
"a",-0.83205,-0.5547,94.76286,0.80032,58.0,0.0,1.0,244.89975,7.06858,8.91792,4.70283,1.45703,797.0
"a",-0.50387,-0.86378,118.08895,0.79139,46.57252,0.25766,0.96624,318.71034,7.93712,8.90778,3.81091,1.45778,781.0
"a",-0.89443,-0.44721,80.62258,0.80294,55.36244,0.34319,0.93926,228.92017,7.24844,10.51426,5.21601,0.80444,844.0
"a",0.0,-1.0,113.37107,0.5268,39.31921,0.99188,0.12716,304.54697,10.47643,14.83611,8.66626,1.73828,1015.0
"a",-0.5145,-0.85749,147.43473,0.66521,36.79674,0.73376,0.67941,424.82499,7.85398,13.2053,6.58009,1.87111,954.0
"a",-0.5547,-0.83205,89.10668,0.76953,34.17601,0.35112,0.93633,213.67153,6.74683,9.31525,4.14997,0.89453,890.0
"a",-0.64018,-0.76822,177.59786,0.82124,61.7414,0.42111,0.90701,497.79616,10.21018,11.15116,4.3006,3.30078,937.0
"a",-0.85749,-0.5145,102.41582,0.94487,81.32035,0.28283,0.95917,212.98576,6.48058,10.70002,5.17692,4.12444,843.0
"a",-1.0,0.0,79.02531,0.66881,42.95346,0.20953,0.9778,191.38668,5.38713,6.4575,1.94886,0.79111,735.0
"a",-0.44721,-0.89443,120.21647,0.79716,87.66413,0.43347,0.90117,325.18114,6.92669,9.66669,5.72224,2.10156,969.0
"a",-0.98058,-0.19612,106.21676,0.73212,70.34202,0.25589,0.96671,271.58705,5.17604,7.24184,2.74412,2.55078,703.0
"a",-0.94868,-0.31623,114.97826,0.8716,80.00625,0.0125,0.99992,292.02992,5.81954,6.54388,2.22913,1.28444,860.0
"a",-0.6247,-0.78087,97.08244,0.96851,51.0392,0.03919,0.99923,256.57453,5.73034,6.26528,2.25992,1.75391,703.0
"a",-0.83205,-0.5547,83.60024,0.64111,44.91102,0.2004,0.97972,214.6618,6.28319,8.25457,3.72431,0.85156,828.0
"b",0.0,1.0,105.10947,1.20089,94.08507,0.04251,0.9991,229.74028,-4.71239,7.43926,3.50319,1.0,906.0
"b",0.0,1.0,79.17702,1.08455,66.1211,0.0605,0.99817,170.30937,-4.71239,7.53495,5.08507,0.76563,953.0
"b",0.0,1.0,110.67972,0.96525,85.0,0.0,1.0,262.84965,-5.49779,6.90548,2.47673,1.56641,781.0
"b",0.0,1.0,145.7738,1.18392,132.2422,-0.0605,0.99817,302.8615,-5.03414,5.63667,1.83711,2.56,609.0
"b",0.0,1.0,119.40268,1.1934,105.0,0.0,1.0,246.58638,-5.49779,7.096,2.91998,6.12444,688.0
"b",0.1644,0.98639,121.24768,0.95534,91.00549,-0.20878,0.97796,270.33599,-6.44833,8.42463,3.69691,1.44,656.0
"b",0.0,1.0,96.51943,0.97705,68.26419,-0.08789,0.99613,225.48953,-5.17604,6.86135,2.45557,0.94531,719.0
"b",0.0,1.0,71.55418,1.10715,57.0,0.0,1.0,138.63794,-5.60844,9.34172,5.18872,0.67578,860.0
"b",0.44721,0.89443,89.04493,1.00148,69.64194,0.27282,0.96206,181.80323,-4.71239,7.86129,3.33727,1.14453,750.0
"b",0.5547,-0.83205,259.42244,1.08991,148.21943,0.80961,-0.58697,620.33359,8.96113,12.90112,5.68905,4.63281,1109.0
"b",0.89443,-0.44721,207.61744,1.18045,89.94443,0.87832,-0.47807,488.06094,7.06858,13.09905,7.74586,4.0625,1110.0
"b",0.0,1.0,115.0,0.9273,87.09191,0.04593,0.99894,290.64988,-4.71239,6.47181,2.15823,2.57778,813.0
"b",-0.12403,0.99228,196.42047,1.0068,166.02711,0.01807,0.99984,436.49933,6.49428,7.60571,2.43389,3.02222,765.0
"b",0.0,1.0,126.26955,1.05754,106.73331,0.22486,0.97439,254.35999,-6.28319,8.18247,3.6206,2.20703,765.0
"b",0.0,1.0,98.83825,1.0981,87.09191,-0.04593,0.99894,228.07097,-4.71239,9.98237,5.42274,1.77778,907.0
"b",0.0,1.0,97.09789,1.00565,77.10383,0.05188,0.99865,227.03667,-5.17604,7.14118,3.48391,1.26953,813.0
"b",0.0,1.0,111.8034,1.10715,93.0,0.0,1.0,246.72686,-5.49779,6.11415,2.3936,0.91406,750.0
"b",0.44721,0.89443,113.85078,0.89743,72.1734,0.06928,0.9976,290.54788,-5.49779,9.35727,4.00857,1.62222,719.0
"b",0.0,1.0,120.41595,1.01044,84.00595,0.0119,0.99993,307.12641,-4.24874,8.20997,3.58015,1.60444,719.0
"b",0.0,1.0,99.04544,0.95759,65.06919,0.0461,0.99894,297.36272,-5.49779,6.78479,2.81117,5.44,703.0
"c",-0.70711,-0.70711,89.05055,0.96099,58.5235,0.29048,0.95688,140.23965,3.66074,7.15352,4.02666,1.44444,406.0
"c",-0.5547,-0.83205,96.25487,1.00008,61.13101,-0.26173,0.96514,152.87079,4.24874,4.24874,1.60934,1.58203,328.0
"c",-0.70711,-0.70711,84.38009,1.02225,63.95311,-0.172,0.9851,127.99792,3.85022,5.38593,2.22696,0.69531,359.0
"c",-0.70711,-0.70711,77.80103,0.92215,50.48762,0.13865,0.99034,134.27348,4.71239,6.23137,3.40686,0.87891,453.0
"c",-0.98058,-0.19612,108.04629,1.03673,87.0,0.0,1.0,167.95362,3.78509,4.64991,1.45197,1.31641,375.0
"c",-0.89443,-0.44721,122.64175,0.95339,79.42921,-0.18885,0.98201,198.53048,4.71239,6.86421,3.41075,1.90625,485.0
"c",-0.83205,-0.5547,96.82975,0.90251,54.14795,0.07387,0.99727,174.90684,4.39064,5.03414,1.78811,2.53906,390.0
"c",-0.89443,-0.44721,108.16654,0.98279,78.64477,-0.20345,0.97909,170.41889,4.51499,6.2092,2.64742,1.45703,407.0
"c",-0.94868,-0.31623,108.00463,0.93655,78.64477,-0.20345,0.97909,168.60145,3.14159,6.00591,2.53736,1.31556,438.0
"c",-0.27472,0.96152,140.47064,1.08168,96.17692,0.15596,0.98776,279.65748,6.74683,8.05229,3.22457,1.56889,735.0
"c",0.0,1.0,117.99153,1.02747,70.06426,-0.04282,0.99908,233.36168,6.28319,10.9056,4.93572,0.80078,782.0
"c",-0.92848,-0.37139,67.47592,0.87985,47.53946,-0.25242,0.96762,108.29457,3.46334,3.96845,1.58594,0.64063,312.0
"c",-0.19612,0.98058,91.24144,1.09244,55.22681,0.09054,0.99589,181.89749,6.28319,9.1677,3.83795,0.66222,781.0
"c",-0.70711,-0.70711,65.45991,0.97008,49.81967,-0.18065,0.98355,106.70937,3.14159,4.06889,1.81225,0.39453,375.0
"c",-0.8,-0.6,114.62111,0.94649,76.32169,-0.09172,0.99579,192.10762,3.14159,5.95109,2.36841,1.26953,437.0
"c",-1.0,0.0,94.36631,0.70288,64.41273,-0.46575,0.88492,149.58306,3.14159,4.17988,1.19958,1.0,437.0
"c",-0.86824,-0.49614,97.08244,0.851,63.69458,-0.3768,0.9263,155.26044,4.06889,4.56631,1.83725,1.03556,422.0
"c",0.0,-1.0,75.00667,0.82312,34.43835,0.43556,0.90016,132.46592,5.49779,7.04109,3.1266,0.59766,500.0
"c",-0.70711,-0.70711,100.60318,0.91934,68.15424,-0.24943,0.96839,160.07254,4.71239,5.0721,2.73985,2.14222,375.0
"c",-0.85749,-0.5145,87.81799,1.046,62.1289,-0.06438,0.99793,142.41246,4.39064,5.31793,1.79632,0.95313,375.0
"d",-0.19612,0.98058,136.12494,1.20257,124.90396,-0.12009,0.99276,236.74596,5.17604,7.32538,2.81134,3.02222,719.0
"d",0.0,1.0,96.77293,1.16726,76.02631,0.02631,0.99965,195.95718,6.28319,6.72052,3.03087,0.47266,671.0
"d",-0.44721,0.89443,96.56604,1.29819,85.00588,-0.01176,0.99993,174.8692,5.49779,6.67854,4.08954,1.78222,781.0
"d",0.0,1.0,119.85408,1.25696,105.04285,-0.02856,0.99959,233.58221,5.69518,6.09744,2.48846,1.13778,719.0
"d",0.0,1.0,103.81715,1.20639,89.00562,0.01124,0.99994,214.43266,6.28319,6.62201,3.30889,1.13778,672.0
"d",0.44721,0.89443,85.42248,1.09668,45.70558,0.17503,0.98456,197.33246,5.81954,7.48777,3.40274,0.87891,735.0
"d",0.0,1.0,101.59232,1.20857,83.00602,-0.01205,0.99993,199.53311,5.49779,8.75038,4.6886,1.41016,750.0
"d",0.0,1.0,104.6518,1.1157,84.29116,-0.08305,0.99655,211.16383,5.49779,5.87675,2.11362,1.08444,922.0
"d",0.14142,0.98995,76.89603,1.21203,70.25667,-0.0854,0.99635,132.29752,3.60524,10.65515,6.75973,1.14453,672.0
"d",-0.24254,-0.97014,196.77398,1.10715,58.24946,0.97855,0.20601,524.77703,12.00777,13.36254,5.45336,6.19556,984.0
"d",-0.94868,-0.31623,134.71822,1.0673,55.9017,0.73343,0.67976,358.86572,9.88843,11.9385,6.7749,1.95313,782.0
"d",0.44721,0.89443,132.40091,1.19169,98.24968,0.07125,0.99746,247.38387,5.81954,9.27232,4.25599,1.13778,750.0
"d",-0.89443,-0.44721,139.97857,1.10395,48.01042,0.58321,0.81232,376.31997,7.21048,13.49485,6.25641,1.5625,1094.0
"d",0.31623,0.94868,86.53901,1.17956,71.11259,-0.05625,0.99842,179.78649,4.39064,9.56057,5.79087,0.66016,703.0
"d",0.0,1.0,87.23531,1.13278,70.25667,-0.0854,0.99635,170.42291,5.96143,8.46699,4.41452,1.13778,719.0
"d",0.0,1.0,108.30051,1.06998,85.98837,-0.15118,0.98851,245.9959,5.49779,10.23128,5.95922,1.75781,656.0
"d",0.0,1.0,95.50916,1.26229,85.05292,-0.03527,0.99938,178.25505,5.49779,6.42508,3.67218,1.89063,640.0
"d",0.0,1.0,105.11898,1.12842,80.50466,-0.11179,0.99373,210.47296,5.90268,8.36393,3.79672,1.30222,672.0
"d",0.0,1.0,88.76936,1.17774,74.06079,-0.04051,0.99918,176.84286,5.49779,7.72771,4.20699,1.5625,640.0
"d",0.0,1.0,90.24965,1.19646,76.02631,-0.02631,0.99965,214.39104,5.49779,7.57748,4.0552,1.28444,672.0
"e",1.0,0.0,85.47514,1.07052,52.3259,0.70711,0.70711,181.25302,6.42508,6.66308,3.09052,0.64444,500.0
"e",1.0,0.0,61.61169,0.94677,36.40055,0.79669,0.60439,156.91615,5.49779,11.98885,6.11826,0.46222,875.0
"e",1.0,0.0,116.51609,0.88265,54.6443,0.56731,0.82351,247.04463,7.06858,8.79915,4.09802,1.21778,719.0
"e",0.0,1.0,122.61321,0.91261,71.19691,0.49159,0.87082,255.03151,7.39033,8.22411,3.66467,1.22266,578.0
"e",0.97014,0.24254,93.40771,0.91445,67.62396,0.62108,0.78375,206.06836,6.52816,7.17951,2.76268,0.76563,672.0
"e",1.0,0.0,110.45361,1.01796,68.26419,0.84964,0.52736,257.08276,6.28319,6.91884,3.27414,1.07111,609.0
"e",0.85749,0.5145,147.41099,0.93951,92.7847,0.50655,0.86221,315.01193,6.94423,6.95018,3.0753,2.6,593.0
"e",1.0,0.0,87.69265,0.76927,51.88449,0.88658,0.46257,157.26423,7.31356,8.88436,4.75496,0.96889,719.0
"e",1.0,0.0,112.80071,0.92375,72.42237,0.81467,0.57993,265.85156,6.60494,6.85365,2.69429,1.84889,594.0
"e",1.0,0.0,114.80854,0.9151,77.38863,0.90453,0.42642,257.6642,7.15924,7.773,3.78682,1.72889,687.0
"e",0.89443,-0.44721,97.8366,0.71306,74.43118,0.99421,-0.10748,215.60949,7.53223,11.20633,5.01065,1.0,829.0
"e",1.0,0.0,84.81156,0.91079,54.40588,0.80874,0.58817,196.94473,6.60494,6.98478,3.19557,0.82222,578.0
"e",0.70711,0.70711,164.05487,0.77678,131.03435,0.8929,-0.45026,391.16556,7.18801,8.03839,2.66788,5.63556,719.0
"e",0.83205,0.5547,91.04944,0.89434,65.73431,0.8367,0.54766,231.21885,7.06858,8.86721,3.55148,0.98222,625.0
"e",1.0,0.0,111.5213,0.88065,58.25805,0.77243,0.63511,253.53031,6.28319,7.6115,2.76132,2.77778,579.0
"e",0.70711,0.70711,108.72442,0.97514,78.89233,0.50702,0.86193,226.74204,6.28319,8.0088,3.59388,1.72444,609.0
"e",1.0,0.0,89.40358,0.93624,71.44928,0.6858,0.72779,171.9362,6.74683,8.2233,3.79161,0.75111,625.0
"e",0.44721,0.89443,87.23531,1.13278,80.06248,0.46214,0.88681,166.33596,7.06858,13.39463,9.91462,1.39111,688.0
"e",0.70711,-0.70711,126.26955,1.05754,81.34494,0.68843,0.72531,271.89987,6.28319,7.96672,3.50223,1.47266,844.0
"e",1.0,0.0,63.41136,0.90837,34.4093,0.81373,0.58124,157.10239,6.28319,6.60594,2.51112,0.46222,704.0
"f",0.0,-1.0,215.59453,1.08848,49.81967,0.18065,0.98355,480.89739,-1.32582,10.97156,3.82578,2.03111,969.0
"f",-0.89443,-0.44721,198.40363,1.31604,113.0177,-0.0177,0.99984,330.03749,-2.35619,10.56824,5.94223,10.22266,579.0
"f",-0.81373,-0.58124,174.83707,0.94789,78.23682,-0.57518,0.81803,313.71999,-2.52134,7.74547,3.41719,4.97656,719.0
"f",-0.99504,-0.0995,186.01075,1.27625,112.36103,0.0801,0.99679,317.39089,-3.14159,8.13923,3.838,7.58222,594.0
"f",-0.44721,-0.89443,163.47783,1.16189,84.40379,-0.23696,0.97152,277.03688,-1.5708,10.20712,6.13949,3.75391,656.0
"f",0.0,-1.0,174.55372,1.18923,61.13101,0.06543,0.99786,342.8004,-1.5708,12.28357,5.39445,2.94531,891.0
"f",-0.70711,-0.70711,219.04566,1.04995,93.771,-0.12797,0.99178,445.89592,-2.81984,10.0634,4.07583,3.07813,813.0
"f",-0.31623,-0.94868,54.626,1.15629,17.08801,-0.35112,0.93633,105.00004,0.0,8.73937,5.27972,0.44889,671.0
"f",0.0,-1.0,169.49926,1.09923,31.38471,-0.38235,0.92402,348.38934,-1.10715,9.53618,4.33949,3.24,750.0
"f",0.0,-1.0,185.52628,1.37551,2.82843,0.70711,-0.70711,401.32489,7.85398,11.26879,5.62915,3.31111,969.0
"f",0.94868,-0.31623,340.33219,1.26949,18.78829,0.90482,0.4258,712.52627,6.28319,8.78258,3.5229,13.33778,828.0
"f",-0.5547,-0.83205,190.51772,1.11419,66.06815,-0.04541,0.99897,396.49178,-1.5708,11.01409,5.59672,3.13778,687.0
"f",0.8,-0.6,202.0,1.37146,9.48683,0.31623,-0.94868,441.2654,7.06858,8.6052,4.79807,4.88,968.0
"f",-0.5547,-0.83205,140.80128,0.93156,31.62278,0.31623,0.94868,298.74824,-1.5708,10.86532,6.16706,2.08,750.0
"f",-0.44721,-0.89443,169.02663,0.94504,56.72742,-0.65224,0.75801,327.54195,-2.35619,11.34647,5.37306,2.77778,719.0
"f",0.0,-1.0,158.80806,1.02822,47.67599,0.1678,0.98582,342.16167,-3.14159,7.8524,3.78374,4.78516,766.0
"f",0.0,-1.0,185.80904,1.05899,85.47514,-0.10529,0.99444,363.94455,-1.5708,10.25572,3.93565,2.88281,797.0
"f",0.70711,-0.70711,164.2011,1.13711,65.06919,-0.0461,0.99894,333.23546,-1.81577,10.99917,4.98243,2.08203,812.0
"f",-0.6,-0.8,134.03358,0.94968,57.00877,-0.26312,0.96476,254.20486,-2.35619,9.85153,4.47782,2.67111,890.0
"f",0.0,-1.0,157.84803,1.18088,34.9285,0.22904,0.97342,323.47495,-2.03444,9.20683,4.77174,9.46222,688.0
"g",-0.89443,-0.44721,170.39366,1.11502,89.1852,0.50457,0.86337,406.40769,-0.0,11.91541,5.1644,2.64063,1000.0
"g",0.0,1.0,156.16978,1.19029,47.88528,0.48031,0.8771,401.31462,-3.14159,14.51275,8.80403,8.51563,891.0
"g",-0.98837,-0.15206,203.92401,1.17299,72.20111,0.51246,0.85871,552.76529,0.1419,12.18774,5.70687,7.97656,922.0
"g",-0.86824,-0.49614,125.39936,1.00713,32.89377,-0.33441,0.94243,332.10803,0.7854,12.88201,6.27918,1.56889,860.0
"g",-0.24254,-0.97014,202.38577,1.24905,61.03278,0.31131,0.95031,490.78047,1.10715,11.48863,5.11715,5.13778,1000.0
"g",-0.83205,-0.5547,200.9602,1.2097,43.04649,0.51108,0.85954,529.8779,0.7854,11.41199,4.94329,8.45703,906.0
"g",-1.0,0.0,145.23085,1.17495,40.22437,0.57179,0.8204,402.1116,0.32175,10.22027,4.7362,5.55556,890.0
"g",-0.58124,-0.81373,109.16501,1.13583,30.08322,0.36565,0.93075,279.96922,1.71269,12.78986,6.8097,1.0,953.0
"g",-0.70711,0.70711,158.37298,0.97404,62.26556,0.49787,0.86725,373.10644,1.5708,14.75933,7.29756,1.44531,1219.0
"g",0.44721,-0.89443,208.85641,0.99342,25.4951,0.98058,0.19612,602.03237,3.01724,13.56897,4.80462,7.39556,1172.0
"g",-0.70711,-0.70711,208.01923,0.99079,61.7171,0.45368,-0.89116,573.59976,4.39064,22.50216,12.19794,2.26222,1625.0
"g",-0.70711,-0.70711,172.4094,1.22153,69.42622,0.20165,0.97946,407.75694,0.7854,12.85545,6.78527,4.51563,1203.0
"g",0.0,-1.0,213.08449,0.95546,40.4475,0.98894,-0.14834,667.32472,3.14159,13.90588,5.45175,4.65625,1562.0
"g",-0.5145,-0.85749,177.79201,1.22058,65.0,0.24615,0.96923,404.80483,2.35619,13.81316,8.52893,4.71556,968.0
"g",-0.19612,-0.98058,212.53235,1.13872,50.60632,0.79042,0.61257,589.89721,1.5708,12.1353,5.40461,10.60444,890.0
"g",0.0,-1.0,167.21543,1.03756,69.83552,0.48686,0.87348,404.96966,2.35619,13.55698,6.50134,2.34766,1063.0
"g",0.70711,-0.70711,127.78106,1.26885,68.41053,0.26312,0.96476,273.99175,1.5708,14.23525,9.56029,6.62891,922.0
"g",-0.94868,-0.31623,143.75674,1.05424,41.59327,0.88957,0.4568,398.11516,1.5708,12.27712,6.79283,8.97266,891.0
"g",-0.70711,-0.70711,151.63773,1.12779,65.30697,0.42874,0.90343,368.11982,1.24905,13.10347,6.87673,3.34766,812.0
"g",-0.83205,-0.5547,159.39887,1.26492,60.16644,0.26593,0.96399,353.77887,0.7854,12.94952,7.71815,4.34222,875.0
"h",0.0,1.0,145.39945,1.19029,139.84634,0.38614,0.92244,301.26237,-3.14159,3.82571,1.24367,4.55111,547.0
"h",0.0,1.0,138.5785,1.21709,138.5785,0.34637,0.9381,228.26953,-2.89661,5.92732,3.22475,1.89063,594.0
"h",0.0,1.0,125.25175,1.22885,121.11565,0.31375,0.94951,237.31633,-3.14159,4.17787,1.79646,2.06641,641.0
"h",0.0,1.0,77.07788,1.17102,77.07788,0.38922,0.92115,130.26967,-3.14159,6.32573,4.03707,1.44,687.0
"h",0.70711,-0.70711,107.04205,1.05281,90.21086,0.58751,0.80922,183.55073,-2.76109,5.09657,2.09662,1.26953,625.0
"h",0.17889,0.98387,153.07514,1.26557,152.77762,0.29455,0.95564,275.88077,-3.38657,3.81729,1.35065,6.77778,563.0
"h",0.0,1.0,131.10301,1.19596,129.80755,0.36207,0.93215,232.53948,-2.92292,5.15508,3.61317,1.77778,625.0
"h",0.0,1.0,121.63059,1.19182,121.63059,0.36997,0.92904,249.37704,-3.05845,3.77414,1.35038,2.77778,563.0
"h",-0.13757,0.99049,112.53888,1.17874,93.2309,0.38614,0.92244,208.5197,-2.79659,3.48886,1.30809,2.04889,468.0
"h",0.93335,-0.35898,275.85503,1.05525,109.56733,0.89443,0.44721,729.03937,3.58085,14.33645,6.46518,4.02222,1235.0
"h",1.0,0.0,168.2409,1.02732,69.77105,0.88862,0.45864,452.89362,0.0,14.87304,7.36184,1.35156,1141.0
"h",0.24254,0.97014,113.63538,1.1347,113.63538,0.4224,0.90641,199.45741,-2.9442,6.4944,3.62378,2.86328,531.0
"h",0.91381,-0.40614,173.51081,0.67924,145.39945,0.92848,-0.37139,476.83026,2.48649,19.2372,10.55019,2.45703,1625.0
"h",0.0,1.0,147.62791,1.18903,145.7738,0.3773,0.92609,279.78716,-2.9442,3.3616,1.23368,2.64063,563.0
"h",0.0,1.0,121.46193,1.17347,116.86745,0.40217,0.91557,246.8387,-1.10715,4.0539,1.88369,2.56444,609.0
"h",0.0,1.0,94.81034,1.11187,93.0215,0.45151,0.89227,212.63842,-3.14159,3.48519,1.39309,2.08,625.0
"h",0.0,1.0,125.57468,1.27171,125.57468,0.29465,0.95561,235.67632,-3.14159,3.14159,2.24263,2.25,563.0
"h",0.0,1.0,99.72462,1.20146,98.35141,0.32536,0.94559,186.59736,-3.14159,4.37419,2.15651,2.07031,656.0
"h",0.0,1.0,109.29318,1.00056,100.20978,0.58876,0.8083,242.45335,-3.14159,5.70853,2.89252,2.88889,625.0
"h",0.0,1.0,161.61683,1.35884,157.87653,0.19002,0.98178,297.83868,-3.14159,3.5894,2.30555,4.0,578.0
"i",0.0,1.0,75.32596,1.47773,75.32596,-0.09293,0.99567,75.85087,-0.32175,1.23496,0.32797,1.30078,172.0
"i",0.0,1.0,69.0,1.57075,69.0,0.0,1.0,69.0,0.0,0.0,0.0,1.13778,234.0
"i",0.0,1.0,75.16648,1.50423,75.16648,-0.06652,0.99779,75.47095,-0.0,0.43734,0.0709,1.13778,187.0
"i",0.0,1.0,63.07139,1.52321,63.07139,-0.04757,0.99887,63.18373,0.0,0.45008,0.05409,0.56641,188.0
"i",-0.24254,0.97014,76.32169,1.47895,76.32169,-0.09172,0.99579,76.97962,0.7854,2.24304,0.88627,0.55556,297.0
"i",0.0,1.0,64.13267,1.38257,64.13267,0.18711,0.98234,64.57474,0.16515,1.40565,0.4216,1.17778,188.0
"i",-0.44721,0.89443,65.27634,1.47875,65.27634,-0.09192,0.99577,66.18798,0.7854,1.02665,0.37386,0.66406,188.0
"i",0.0,1.0,59.0,1.57075,59.0,0.0,1.0,59.0,0.0,0.0,0.0,0.76563,282.0
"i",0.19612,0.98058,53.00943,1.55193,53.00943,0.01886,0.99982,53.16228,0.0,0.6435,0.20705,0.25,204.0
"i",-0.70711,-0.70711,75.74299,0.83209,46.66905,0.70711,0.70711,118.08713,4.03765,4.96494,2.2784,0.68,438.0
"i",-0.5547,0.83205,125.80143,1.15338,72.69113,0.13757,0.99049,194.36396,3.03094,3.76128,1.83893,2.08203,328.0
"i",0.0,1.0,58.13777,1.50194,58.13777,0.0688,0.99763,58.26954,0.0,0.24871,0.03093,0.28889,203.0
"i",-0.34174,0.93979,134.62912,1.3078,134.62912,-0.25997,0.96562,135.82594,-0.0,1.44502,0.39851,7.01563,172.0
"i",0.0,1.0,63.0,1.57075,63.0,0.0,1.0,63.0,0.0,0.0,0.0,0.5625,281.0
"i",0.0,1.0,60.00833,1.55413,60.00833,-0.01666,0.99986,60.08276,0.0,0.3303,0.05455,0.28444,297.0
"i",0.70711,0.70711,56.00893,1.55294,56.00893,0.01785,0.99984,57.0,0.0,0.0,0.0,1.26563,235.0
"i",0.0,1.0,92.19544,1.50567,92.19544,-0.06508,0.99788,92.45742,0.0,0.67859,0.09939,1.30222,203.0
"i",0.0,1.0,58.21512,1.4848,58.21512,-0.08589,0.9963,59.42799,-0.0,1.04441,0.22642,0.44444,297.0
"i",0.0,1.0,63.03174,1.53906,63.03174,-0.03173,0.9995,63.13275,0.0,0.2651,0.03514,0.89453,266.0
"i",0.0,1.0,102.96116,1.37531,102.96116,-0.19425,0.98095,103.40927,0.0,1.15001,0.19571,0.91111,218.0
"j",0.0,1.0,110.06362,1.26629,86.53901,-0.38133,0.92444,144.13829,-3.14159,3.62705,1.64933,1.59766,375.0
"j",-0.14142,0.98995,109.73149,1.24616,89.15716,-0.39257,0.91972,140.75947,-1.5708,4.15478,1.62767,3.28,485.0
"j",-0.14142,0.98995,123.9395,1.31799,96.13532,-0.32246,0.94658,159.43748,-3.14159,4.54885,2.01193,1.57813,532.0
"j",0.70711,0.70711,89.28606,1.29865,65.19202,-0.3528,0.9357,119.19791,-1.5708,4.0579,2.23609,0.64,562.0
"j",0.0,1.0,70.88018,1.28474,47.42362,-0.42173,0.90672,103.13927,-3.14159,10.82929,8.35303,0.47266,531.0
"j",0.19612,0.98058,94.20191,1.41088,63.34824,-0.20521,0.97872,134.14732,-0.7854,3.6432,2.37087,1.0,469.0
"j",0.37139,0.92848,116.81181,1.20301,96.38465,-0.38388,0.92338,144.26156,-3.46334,6.0566,2.72765,1.32813,547.0
"j",0.0,1.0,120.07081,1.30966,84.8646,-0.36529,0.93089,159.38653,-1.5708,3.46754,1.47051,2.12891,438.0
"j",0.0,1.0,138.60014,1.28556,99.92497,-0.39029,0.92069,186.19181,-3.14159,4.82279,2.33911,2.81778,422.0
"j",0.0,1.0,428.54405,0.7986,169.66437,0.99608,0.08841,826.60437,-3.41989,7.22263,2.35295,12.13281,625.0
"j",-0.22904,0.97342,302.30117,0.8697,111.15755,0.98959,0.14394,599.26574,-2.96079,9.58718,2.78078,4.95111,1000.0
"j",0.0,1.0,75.66373,1.05985,67.95587,-0.54447,0.83878,96.79265,-3.14159,4.60139,2.44458,0.47266,375.0
"j",0.0,-1.0,179.35997,1.08969,55.36244,0.95733,0.289,343.17737,-3.46334,5.74944,2.54379,2.58203,703.0
"j",0.0,1.0,77.88453,1.29779,57.00877,-0.36836,0.92968,105.8225,-1.5708,3.14159,1.44001,0.66406,625.0
"j",-0.21693,0.97619,107.96759,1.29886,87.92042,-0.32984,0.94404,138.7192,-2.67795,6.21433,3.55763,1.57813,469.0
"j",0.0,1.0,67.6757,1.2397,49.1935,-0.44721,0.89443,97.15881,-1.5708,3.17668,1.68414,0.28889,563.0
"j",0.70711,0.70711,80.00625,1.253,69.28925,-0.34637,0.9381,106.57665,-1.5708,4.22243,3.14546,1.0,563.0
"j",0.0,1.0,94.92102,1.28237,66.70832,-0.40475,0.91443,130.66033,-3.14159,4.71022,3.1907,2.84889,454.0
"j",0.0,1.0,82.28001,1.2106,65.74192,-0.44112,0.89745,110.14462,-2.67795,5.81954,3.51334,0.44444,485.0
"j",0.0,1.0,101.53325,1.27085,79.84986,-0.37571,0.92674,133.08434,-3.14159,5.5772,3.86118,0.67578,625.0
"k",0.0,1.0,92.70383,1.16024,87.84646,0.38704,0.92206,223.87575,0.7854,6.83723,3.23498,3.10222,829.0
"k",0.0,1.0,91.09336,1.26988,89.4986,0.23464,0.97208,207.12233,-0.7854,8.29349,5.51356,1.11111,968.0
"k",0.0,1.0,96.00521,1.18642,96.00521,0.37498,0.92703,204.60121,0.6435,5.27768,3.02304,1.12891,750.0
"k",0.0,1.0,98.23441,1.31347,97.29337,0.21584,0.97643,193.88441,-0.46365,7.26935,3.29254,1.62222,891.0
"k",0.0,1.0,127.95312,1.13511,125.53884,0.38235,0.92402,339.67896,-2.35619,12.03607,6.98529,9.19556,875.0
"k",0.0,1.0,168.96153,1.28274,166.86522,0.23971,0.97084,342.56023,0.7854,5.42595,1.76548,4.82031,844.0
"k",0.14142,0.98995,98.0867,1.16189,94.86833,0.31623,0.94868,244.56193,-0.32175,6.41709,3.78703,1.60156,657.0
"k",0.0,1.0,149.1878,1.30631,139.44174,0.14343,0.98966,305.41276,-1.10715,5.829,3.01075,6.88281,750.0
"k",0.0,1.0,145.52319,1.32082,134.08206,0.12679,0.99193,308.66443,-0.46365,6.87649,3.67089,6.10222,750.0
"k",0.70711,-0.70711,182.84967,1.01162,95.70789,0.89857,0.43884,578.3229,-7.06858,17.18106,8.05143,6.70703,1719.0
"k",0.94868,-0.31623,188.35339,0.88693,134.64769,0.88379,-0.46789,585.19258,4.71239,21.2784,11.08816,6.72444,2219.0
"k",0.0,1.0,117.61803,1.10335,100.30454,0.34894,0.93715,314.14113,0.0,8.11431,3.88759,1.89453,875.0
"k",0.8,-0.6,195.78049,0.70586,162.96319,0.91432,-0.405,507.60817,-0.32175,18.38492,10.43866,3.15625,1969.0
"k",-0.12403,0.99228,105.11898,1.12842,100.90094,0.33696,0.94152,232.78703,0.46365,7.54715,3.33122,2.69141,875.0
"k",0.0,1.0,98.35141,1.2394,92.22798,0.16264,0.98669,223.18852,0.7854,8.17465,4.22355,1.19531,1047.0
"k",0.19612,0.98058,106.04244,1.29379,103.07764,0.24254,0.97014,260.1431,1.10715,7.06955,3.65415,2.35111,860.0
"k",-0.14142,0.98995,91.38928,1.1659,84.40379,0.23696,0.97152,248.95947,-1.10715,6.09587,2.27919,1.13778,859.0
"k",0.0,1.0,103.44564,1.27656,102.35722,0.25401,0.9672,213.75185,-2.35619,10.76818,6.51947,0.76563,1016.0
"k",0.0,1.0,82.8734,1.22615,82.21922,0.31623,0.94868,197.47758,-1.5708,7.50127,4.67825,1.44531,844.0
"k",0.0,1.0,108.52189,1.2811,101.20277,0.2075,0.97823,245.86434,2.35619,7.29892,4.13319,1.72656,875.0
"l",0.8,-0.6,149.48579,1.19402,38.07887,0.86662,-0.49896,280.41251,1.5708,6.73788,4.33017,8.00889,469.0
"l",0.0,-1.0,130.24976,1.31464,14.14214,-0.14142,0.98995,251.66897,1.5708,3.80088,1.65347,3.41778,609.0
"l",0.70711,-0.70711,149.57607,1.25116,26.57066,0.94089,-0.33872,298.8247,3.14159,5.54576,2.46023,2.20703,1016.0
"l",0.70711,-0.70711,150.41609,1.19646,26.92582,0.92848,-0.37139,295.30627,3.92699,4.24368,2.13499,2.5,657.0
"l",0.44721,-0.89443,76.55064,1.22426,12.04159,0.74741,-0.66436,157.72589,1.5708,3.76811,1.74452,1.6,641.0
"l",0.44721,-0.89443,147.05441,1.2598,16.97056,0.70711,0.70711,285.2091,0.0,4.97173,1.84127,3.76563,562.0
"l",0.6247,-0.78087,103.12129,1.22451,33.42155,0.77794,-0.62834,183.92367,0.46365,6.29379,2.79859,2.32,1125.0
"l",0.70711,-0.70711,159.66527,1.09594,33.12099,0.87558,-0.48308,300.3965,3.14159,6.32381,3.44508,2.19531,953.0
"l",1.0,0.0,171.74691,1.2693,24.69818,0.85027,-0.52635,333.78056,4.71239,6.97834,5.40201,5.49778,719.0
"l",0.94868,-0.31623,154.92256,1.05806,87.81799,0.86543,-0.50104,345.00691,3.14159,22.04765,14.22539,1.73828,1875.0
"l",1.0,0.0,183.96195,1.06581,83.86298,0.98971,0.14309,377.21933,6.28319,6.5788,4.08752,8.28125,610.0
"l",0.70711,-0.70711,133.80957,1.27504,24.04163,0.95667,-0.29116,261.31547,3.14159,3.69005,2.38918,2.84444,531.0
"l",0.40614,-0.91381,195.7575,1.23774,65.73431,0.97362,-0.22819,395.4395,4.84792,9.28015,6.14857,6.43556,546.0
"l",0.44721,-0.89443,118.59595,1.26238,19.23538,0.46789,0.88379,226.53985,3.14159,6.91034,5.30077,2.08203,531.0
"l",0.70711,0.70711,91.41663,1.22483,14.42221,0.83205,0.5547,183.42224,3.14159,4.87862,2.64592,1.16406,641.0
"l",0.44721,-0.89443,138.00362,1.16876,36.06938,0.69311,0.72083,253.36758,1.5708,3.98619,1.48724,2.36328,594.0
"l",1.0,0.0,152.20053,1.15124,36.87818,0.75926,-0.65079,289.52961,5.17604,6.64745,3.59025,2.53906,594.0
"l",0.89443,-0.44721,133.13527,1.24192,30.41381,0.72336,-0.69048,249.72445,4.71239,7.89283,5.46314,2.20703,641.0
"l",0.97014,-0.24254,156.32018,1.28547,33.61547,0.38673,0.92219,288.59935,1.5708,5.48292,2.70287,2.63556,562.0
"l",0.6,-0.8,133.79462,1.22777,19.23538,0.88379,-0.46789,262.34417,3.92699,4.73134,2.72945,3.75556,531.0
"m",0.0,1.0,88.09086,0.68892,87.45856,0.77751,0.62887,249.56622,-6.28319,9.24477,5.07429,1.64444,906.0
"m",0.27472,0.96152,83.21658,0.57134,75.76939,0.92386,0.38274,201.77467,-6.74683,9.89016,4.59809,0.53125,953.0
"m",0.0,1.0,80.60397,0.65343,78.81624,0.81202,0.58364,189.47453,-4.71239,9.66075,4.78648,0.52,1000.0
"m",0.8,0.6,63.81222,0.56192,60.53924,0.85895,0.51206,162.31277,-5.49779,10.97781,4.69721,0.60444,906.0
"m",0.6,0.8,64.66065,0.55368,62.64982,0.8779,0.47885,138.20628,-6.74683,9.22567,4.43389,0.26563,1203.0
"m",0.70711,0.70711,71.86793,0.55712,68.88396,0.88555,0.46455,172.73174,-7.53223,14.70763,7.70806,0.22222,1109.0
"m",0.0,1.0,46.51881,0.44442,44.59821,0.94174,0.33634,112.62891,-7.85398,11.39037,8.49072,0.23111,1312.0
"m",0.19612,0.98058,89.30845,0.59421,88.20431,0.83896,0.54419,226.24528,-6.28319,9.80363,4.8156,0.48828,1031.0
"m",0.44721,0.89443,111.39569,0.70278,97.6166,0.87075,0.49172,277.71201,-7.06858,7.72403,3.63481,1.13281,812.0
"m",0.0,-1.0,229.863,0.80693,177.54436,0.89555,-0.44496,448.62139,-6.17645,6.36816,2.29873,10.41016,687.0
"m",0.24254,-0.97014,155.59563,0.59335,129.65338,0.99496,0.10027,329.7427,-5.81954,7.58822,2.45214,1.8,1016.0
"m",0.0,1.0,76.6942,0.69307,75.43209,0.78216,0.62308,207.95125,-6.28319,8.66896,5.91508,1.65625,984.0
"m",0.6,0.8,106.40019,0.64538,99.12618,0.85749,0.5145,271.77156,-7.06858,8.36927,3.25209,0.44444,938.0
"m",0.18429,0.98287,91.04944,0.89434,78.51751,0.72595,0.68774,269.94028,-4.95737,7.95028,4.53267,3.09766,890.0
"m",0.44721,0.89443,101.13852,0.76442,79.64923,0.87885,0.47709,297.18755,-4.71239,11.14336,5.8939,2.70313,1016.0
"m",0.0,1.0,87.04596,0.74477,70.26379,0.91085,0.41273,224.21819,-2.89661,10.07123,5.60116,0.53516,906.0
"m",0.12403,0.99228,128.03515,0.75778,105.81588,0.85998,0.51032,361.38994,-6.28319,8.69427,4.80432,3.07556,875.0
"m",0.0,1.0,111.83023,0.62025,102.7278,0.85663,0.51593,275.64827,-6.28319,7.64004,3.28376,0.87556,906.0
"m",0.0,1.0,113.81125,0.62944,107.44766,0.78178,0.62356,274.6675,-6.18352,7.88211,3.52184,1.04,750.0
"m",0.1644,0.98639,99.32271,0.56287,95.18929,0.85094,0.52527,241.37362,-6.28319,10.41981,5.96788,0.61328,1125.0
"n",0.89443,0.44721,52.3259,0.7854,52.3259,0.70711,0.70711,125.74678,-6.28319,9.53577,5.07889,0.19531,719.0
"n",0.0,1.0,72.11103,0.98279,57.28001,0.69832,0.71578,164.9107,-3.14159,4.10253,1.43888,0.50781,766.0
"n",0.15923,0.98724,79.32213,0.98279,72.8011,0.60439,0.79669,194.6655,-3.11639,3.59564,1.50012,1.02601,390.0
"n",0.02702,0.99963,79.75588,1.04543,79.75588,0.50153,0.86514,214.62158,-2.86329,5.14352,2.94554,1.4256,391.0
"n",0.0,1.0,80.5295,1.13492,78.39005,0.39546,0.91848,228.03025,-3.14159,4.00641,2.21447,1.07031,437.0
"n",0.05121,0.99869,86.83317,1.06593,86.83317,0.48369,0.87524,235.15844,-3.03539,4.52408,1.87347,1.58689,422.0
"n",0.0444,0.99901,105.11898,1.12842,105.11898,0.42809,0.90374,272.49843,-2.95903,4.77488,2.53706,1.98145,422.0
"n",0.04646,0.99892,111.82576,1.08715,102.9563,0.48564,0.87416,291.20067,-3.06023,5.53475,2.825,1.9282,484.0
"n",0.12033,0.99273,94.66784,1.02675,84.6286,0.579,0.81533,242.52273,-3.12689,3.99674,1.9993,1.14984,391.0
"n",0.0,-1.0,79.61156,1.00021,44.92215,0.95721,-0.28939,140.5718,-2.76109,3.94234,1.15278,1.0,563.0
"n",-0.70711,-0.70711,86.37129,0.73626,65.14599,0.95171,0.307,199.6374,-1.81577,11.73051,6.29356,0.625,1203.0
"n",0.0,1.0,65.8559,0.83911,53.82379,0.81748,0.57595,146.45898,-3.14159,5.67604,2.42474,0.55556,687.0
"n",-0.49614,0.86824,210.04047,0.80223,126.19429,0.99846,0.05547,560.66948,-3.24467,14.25864,7.85055,5.17778,1250.0
"n",-0.12403,0.99228,59.5483,0.85671,55.60576,0.61145,0.79128,136.84878,-3.14159,5.40455,1.8767,0.37778,578.0
"n",0.0,1.0,73.43024,1.05841,69.77822,0.42993,0.90286,192.33638,-2.89661,5.08963,2.23568,0.50781,532.0
"n",-0.10653,0.99431,76.02631,1.10715,68.42514,0.45305,0.89149,184.18119,-1.46592,5.5401,4.23873,0.77441,485.0
"n",0.17889,0.98387,86.60831,1.02444,77.42093,0.58124,0.81373,196.82256,-3.0866,5.34281,2.72971,1.15556,407.0
"n",0.04646,0.99892,79.25907,1.05635,79.25907,0.49206,0.87056,208.53998,-2.8786,3.51139,1.48669,0.83884,453.0
"n",0.11462,0.99341,94.37161,1.12137,94.37161,0.43445,0.90069,240.59044,-3.26595,4.38667,1.9364,0.7128,438.0
"n",0.12403,0.99228,95.29428,1.07899,95.29428,0.47222,0.88148,224.19433,-2.94094,4.64374,2.26513,1.30222,406.0
"o",-0.24783,0.9688,109.65856,0.75315,7.28011,0.96152,-0.27472,237.74894,5.13335,5.13335,2.0141,3.75781,250.0
"o",-0.91915,-0.39392,175.07141,0.89873,14.76482,-0.88047,0.4741,402.43848,7.38282,7.91532,2.47577,1.31641,563.0
"o",-0.46676,0.88438,167.40968,0.93805,53.85165,-0.25997,0.96562,420.74493,6.40821,6.40821,1.51673,3.84889,531.0
"o",-0.79361,0.60843,185.23499,0.90786,20.24846,-0.83957,0.54325,424.5552,5.58375,5.58375,1.36668,3.3125,438.0
"o",-0.35714,0.93405,172.80046,0.92498,44.92215,-0.28939,0.95721,424.81944,6.18752,6.18752,1.57096,4.55556,484.0
"o",0.04646,0.99892,158.93709,0.96883,17.02939,0.05872,0.99827,364.1751,6.05639,6.05639,1.66634,1.9282,453.0
"o",-0.35112,0.93633,202.00248,0.92234,49.39636,-0.3644,0.93124,493.90099,6.24096,6.24096,1.60278,4.70703,469.0
"o",-0.22651,0.97401,187.86431,0.85697,21.84033,0.27472,0.96152,426.21744,6.11377,6.11377,1.42528,2.13778,500.0
"o",-0.22651,0.97401,198.6001,0.9283,4.12311,-0.24254,0.97014,442.86797,5.832,5.832,1.49296,2.0281,437.0
"o",0.0,-1.0,128.68955,0.88999,8.94427,0.44721,-0.89443,293.07622,7.06858,10.89515,4.28339,1.77778,828.0
"o",-0.85749,-0.5145,125.17588,0.76845,50.92151,0.94263,-0.33385,295.88282,10.79818,13.98137,7.08084,0.70703,1015.0
"o",-0.97308,-0.23047,126.57409,0.79098,37.64306,-0.95635,-0.29222,314.48473,6.65752,6.65752,2.06072,1.58689,390.0
"o",0.0,-1.0,126.06348,0.72928,49.0408,0.93799,-0.34665,338.82269,11.50267,13.51081,6.2586,1.32813,906.0
"o",0.0294,0.99957,118.81077,0.94076,61.20457,0.08169,0.99666,314.75609,6.32163,6.32163,1.69186,1.20395,484.0
"o",-0.85749,0.5145,125.6702,0.96072,37.48333,-0.69364,0.72032,320.38974,6.73645,6.73645,2.1299,1.82222,453.0
"o",-0.45632,0.88982,141.24093,0.95137,59.03389,-0.62676,0.77921,352.52128,6.00489,6.00489,1.77687,2.91406,422.0
"o",-0.12403,0.99228,124.8439,0.86478,36.67424,-0.19087,0.98162,309.56615,6.13181,6.13181,1.58971,3.38281,453.0
"o",-0.99817,-0.0605,154.5089,0.96484,30.0,-1.0,0.0,370.38258,6.83516,6.83516,1.75645,1.26563,562.0
"o",-0.99673,-0.08082,178.36199,0.88467,17.08801,-0.93633,-0.35112,413.33226,6.4872,6.4872,1.58286,1.43392,562.0
"o",0.49026,0.87158,175.9318,0.86587,29.0,0.0,1.0,416.16583,5.70888,5.70888,1.41134,4.26953,500.0
"p",-0.10468,-0.99451,182.49658,1.22998,75.42546,-0.10606,-0.99436,325.51054,-4.49737,4.49737,1.54231,1.51925,375.0
"p",-0.05705,-0.99837,159.15401,1.17746,69.05071,0.17379,-0.98478,272.86996,-4.37399,4.38492,1.60414,2.63556,328.0
"p",-0.14142,-0.98995,169.06803,1.09128,78.05767,0.03843,-0.99926,300.30309,-4.74179,5.13658,1.6355,1.30073,375.0
"p",-0.21133,-0.97741,149.69636,1.2089,60.53098,0.13216,-0.99123,260.08201,-4.46741,4.46741,1.34868,1.49116,360.0
"p",-0.05121,-0.99869,152.77762,1.27182,70.34913,0.0995,-0.99504,258.3079,-4.54831,4.70299,1.48954,1.48926,438.0
"p",-0.07298,-0.99733,153.21227,1.20362,73.24616,-0.08192,-0.99664,270.64048,-4.81206,4.81206,1.57497,1.75858,375.0
"p",-0.08082,-0.99673,156.38734,1.1701,65.06919,-0.0461,-0.99894,290.54782,-4.68115,4.68115,1.39564,1.43392,375.0
"p",-0.06238,-0.99805,171.5634,1.2933,76.00658,-0.01316,-0.99991,297.75583,-4.79553,5.21291,1.66979,1.32444,500.0
"p",-0.12716,-0.99188,227.30816,1.17804,106.53169,-0.16896,-0.98562,395.62864,-4.57116,4.89043,1.22619,1.60874,500.0
"p",0.70711,-0.70711,155.24175,1.1879,55.22681,0.85104,-0.52511,496.00923,-6.28319,22.43899,13.86187,3.45313,1703.0
"p",1.0,0.0,110.63905,1.05053,31.32092,0.95783,-0.28735,311.48974,3.14159,17.40466,11.94879,1.91406,1516.0
"p",-0.11291,-0.99361,155.08062,1.28984,71.00704,0.01408,-0.9999,263.12151,-4.42254,4.61186,1.3882,2.04058,391.0
"p",0.0,-1.0,148.03378,1.11621,88.60023,0.34989,-0.93679,236.69709,-4.71239,6.89864,2.86051,1.93778,703.0
"p",-0.13392,-0.99099,146.53668,1.20803,56.29387,-0.21317,-0.97702,263.92428,-4.68431,4.80629,1.56952,1.45057,438.0
"p",-0.02856,-0.99959,152.73834,1.25112,77.27872,0.18116,-0.98345,251.83791,-4.28872,4.47004,1.60055,1.19727,375.0
"p",-0.307,-0.95171,163.27278,1.21418,72.02777,0.02777,-0.99961,283.28226,-4.8404,4.87548,1.67979,1.41406,344.0
"p",0.0,-1.0,139.61733,1.14239,51.35173,-0.11684,-0.99315,262.43156,-4.60381,4.71939,1.57487,2.17778,343.0
"p",-0.12033,-0.99273,126.08727,1.18882,58.13777,-0.0688,-0.99763,227.39135,-4.69485,4.89418,1.38083,1.14984,422.0
"p",-0.20165,-0.97946,122.80065,1.29026,63.00794,0.01587,-0.99987,201.82518,-4.74179,4.74179,1.50197,1.2539,406.0
"p",0.02702,-0.99963,136.92699,1.25136,63.0,0.0,-1.0,233.06176,-4.3166,4.39064,1.69423,1.4256,343.0
"q",-0.95144,-0.30782,187.77114,1.1715,127.06298,0.03148,0.9995,451.07044,4.85429,7.51354,3.04921,2.15556,625.0
"q",0.24254,-0.97014,156.66844,1.06432,67.44627,0.26688,0.96373,391.67215,5.49779,9.99769,3.57018,2.65625,1250.0
"q",-0.53,-0.848,115.12167,1.00207,57.87055,0.1728,0.98496,266.03375,5.17604,15.3762,8.27763,1.14453,1719.0
"q",-0.70711,-0.70711,184.74036,0.96628,79.32213,0.5547,0.83205,465.03691,7.85398,12.29615,6.0319,3.22222,1218.0
"q",0.0,-1.0,172.53985,1.17199,109.17875,0.14655,0.9892,380.84083,5.49779,9.9128,3.39618,2.43556,1140.0
"q",-0.70711,-0.70711,137.78607,1.19164,100.02,-0.02,0.9998,299.21701,4.90978,9.33838,3.9558,4.25391,1110.0
"q",-0.70711,-0.70711,143.17821,1.07591,93.30059,0.33226,0.94319,305.34909,4.71239,10.08275,5.82548,3.0625,1171.0
"q",-0.94868,-0.31623,145.43727,1.02094,95.90099,0.19812,0.98018,339.54056,4.3394,8.29606,3.37333,2.47656,1062.0
"q",-0.44721,-0.89443,123.06502,1.1435,84.0119,0.15474,0.98796,271.77809,7.39033,11.85401,6.27851,1.72266,1078.0
"q",-0.44721,-0.89443,194.42736,1.19698,31.40064,0.79616,0.60508,519.73532,11.13747,18.05548,10.64863,6.4,1313.0
"q",-0.44721,-0.89443,168.15469,1.10183,44.59821,0.73994,0.67267,460.84658,4.24874,13.26319,5.84279,2.28516,1328.0
"q",-0.90618,0.42289,167.29614,1.08576,107.83784,0.32456,0.94586,389.95748,3.70795,7.60918,2.49873,1.44444,687.0
"q",0.0,-1.0,248.04032,1.00963,117.4436,0.62157,-0.78335,627.32059,8.78128,13.19197,5.53175,4.25781,1828.0
"q",-0.98639,-0.1644,149.40214,1.1281,81.00617,-0.01234,0.99992,366.42089,5.91944,8.43815,4.2302,1.38606,656.0
"q",-0.82748,0.5615,140.89003,1.12302,96.16652,0.29116,0.95667,311.77362,3.69014,10.34233,4.79002,1.19147,688.0
"q",-1.0,0.0,151.21177,1.13377,98.0051,0.14285,0.98974,352.94352,7.26598,9.50119,4.85706,1.44531,859.0
"q",-0.99887,-0.04757,161.91356,1.12372,93.53609,0.10691,0.99427,423.38956,5.88053,7.41511,2.78152,1.30222,781.0
"q",-0.88379,0.46789,119.43618,1.12962,77.02597,0.02597,0.99966,287.74641,3.42399,10.09341,5.22538,1.54006,781.0
"q",0.0,-1.0,136.16534,1.16301,89.08984,-0.0449,0.99899,291.37973,7.06858,14.85674,7.95147,1.64444,1406.0
"q",0.0,-1.0,138.92444,1.04272,80.65358,0.33477,0.9423,321.08247,5.17604,13.1427,8.03046,1.64453,1250.0
"r",0.14142,0.98995,93.49332,1.00653,52.49762,0.95242,-0.30478,164.86298,-1.5708,3.46319,1.40137,1.62222,531.0
"r",0.0,1.0,76.05919,1.07775,37.64306,0.95635,-0.29222,142.73179,-1.10715,2.26949,0.85221,0.53778,641.0
"r",0.28735,0.95783,72.94518,0.9904,40.0125,0.99969,0.02499,141.19241,-1.9513,3.16283,1.33023,1.01778,688.0
"r",0.31623,0.94868,73.82412,1.07685,35.22783,0.99353,-0.11355,142.04101,-2.35619,4.63324,3.08317,3.92889,610.0
"r",0.19612,0.98058,82.36504,1.0637,41.76123,0.95783,-0.28735,156.58256,-2.03444,4.28621,1.2194,0.55556,578.0
"r",0.89443,0.44721,89.35883,1.01694,47.38143,0.99195,-0.12663,167.52303,-3.14159,6.04103,3.10242,1.64444,578.0
"r",0.37139,0.92848,81.12336,1.04095,41.7732,0.98149,-0.19151,157.53746,-1.89255,3.24135,1.03306,0.88281,563.0
"r",0.0,1.0,72.94518,1.07036,33.0,1.0,0.0,149.51557,-1.5708,3.41143,1.41522,1.32031,547.0
"r",0.24254,0.97014,74.79305,1.05331,35.51056,0.98562,-0.16896,140.66644,-3.03094,3.93084,1.87548,0.78125,484.0
"r",0.0,1.0,90.60353,0.91847,38.83298,0.97855,0.20601,187.33934,-4.24874,9.50998,5.47747,1.28125,641.0
"r",0.0,1.0,85.95929,1.06031,47.50789,0.86301,-0.50518,143.68498,-1.5708,3.14159,1.06775,1.09766,484.0
"r",0.44721,0.89443,72.06941,1.0637,35.0571,0.99837,-0.05705,148.08214,-3.14159,5.54117,2.16731,0.76563,547.0
"r",-0.31623,-0.94868,55.07268,1.05841,54.58938,0.47628,-0.87929,61.83925,-2.35619,2.57751,1.52232,0.66016,234.0
"r",0.14834,0.98894,100.16986,1.01326,53.75872,0.98589,0.16741,193.43903,-1.73595,3.23897,0.72599,1.44444,625.0
"r",0.09054,0.99589,82.1523,1.01994,47.85394,0.89857,0.43884,145.08301,-1.5708,3.42539,0.91167,1.0,766.0
"r",0.19612,0.98058,101.789,0.98824,56.61272,0.95385,-0.30029,179.80128,-2.81984,4.31974,1.63804,1.35556,563.0
"r",0.0,1.0,82.29216,1.11802,36.87818,0.97619,0.21693,162.32,-1.5708,1.97305,0.65457,1.60444,579.0
"r",0.03569,0.99936,92.30926,1.17017,37.69615,0.92848,0.37139,177.29454,-0.1419,5.81761,2.66354,0.87111,719.0
"r",0.0,1.0,116.76472,1.08034,46.87217,0.98139,-0.19201,223.86513,-2.67795,6.53008,1.8909,1.5625,640.0
"r",0.44721,0.89443,74.68601,1.11314,36.24914,0.91037,0.4138,140.9264,-1.5708,9.60828,5.71221,0.87891,844.0
"s",-0.44721,-0.89443,67.41662,1.00748,52.40229,-0.66791,0.74424,123.86453,-1.5708,13.38864,8.56829,0.25391,765.0
"s",-0.92555,-0.37863,120.35365,1.07742,112.50778,-0.50663,0.86216,209.33049,0.60554,5.6719,2.13538,0.75111,438.0
"s",-0.97926,-0.20261,132.09845,1.05635,125.19585,-0.51919,0.85466,213.39102,0.65649,5.15326,2.50403,0.85645,438.0
"s",-1.0,0.0,104.6518,1.1157,101.51847,-0.44327,0.89639,185.0317,0.09967,5.51804,2.02402,0.75858,422.0
"s",-0.99805,0.06238,140.45996,1.02427,132.01894,-0.55295,0.83321,235.20677,-0.15742,5.04493,1.54865,1.06972,422.0
"s",-0.97823,-0.2075,154.76757,0.97383,149.0302,-0.58377,0.81192,259.69328,0.54129,5.80073,1.74776,1.18418,516.0
"s",-0.95578,-0.29409,125.67418,1.11782,114.54257,-0.41906,0.90796,204.66545,0.36398,6.34102,1.97603,0.77003,562.0
"s",-0.932,-0.36245,121.82775,0.94864,102.21546,-0.50873,0.86093,234.48088,0.43241,6.48929,2.40488,0.8,484.0
"s",-0.99957,0.0294,126.76356,1.05067,118.59595,-0.41317,0.91066,227.19339,0.03998,5.30897,1.97817,1.20395,390.0
"s",0.44721,-0.89443,187.21645,0.97539,138.5388,-0.6352,0.77235,356.39042,-0.54042,11.38677,5.52705,3.55078,719.0
"s",-0.89443,-0.44721,150.20652,0.93662,116.38728,-0.76469,0.6444,251.94539,-1.10715,9.90728,3.33852,2.19531,797.0
"s",-0.97014,-0.24254,117.00427,1.24905,104.75209,-0.35321,0.93554,171.03241,-1.10715,8.0554,4.37084,1.16406,594.0
"s",-1.0,0.0,116.03879,0.90144,116.03879,-0.62048,0.78422,196.51444,0.11066,6.29361,2.55141,0.98222,468.0
"s",-0.99451,0.10468,106.83164,0.8185,98.4124,-0.74178,0.67065,180.42864,-0.49812,5.32289,2.13413,1.42578,360.0
"s",-0.99228,0.12403,94.17537,0.83798,94.17537,-0.66896,0.74329,160.10715,0.16184,5.15107,2.35595,1.08221,344.0
"s",-0.98443,0.17579,93.53609,1.06889,93.53609,-0.4811,0.87667,151.08185,-0.12435,4.76935,1.77004,0.84183,313.0
"s",-0.4138,-0.91037,107.61505,0.91057,84.02381,-0.78549,0.61887,195.33024,1.29985,5.85869,2.44022,1.35556,421.0
"s",-0.79361,-0.60843,124.03629,1.05665,100.43904,-0.57746,0.81642,243.36439,0.7854,5.86401,2.47047,1.48699,406.0
"s",-0.96849,0.24904,127.09445,1.01553,115.76269,-0.5183,0.8552,221.5214,-0.45501,5.14629,2.18971,1.359,360.0
"s",-0.8,-0.6,148.66069,0.83298,141.42136,-0.70711,0.70711,254.86489,0.90975,5.96073,2.00468,1.00391,516.0
"t",0.0,1.0,128.12884,1.04778,63.50591,-0.4409,0.89755,240.94648,4.93919,5.09213,3.03501,2.29865,359.0
"t",0.0,1.0,144.05902,1.07921,79.30952,-0.39087,0.92044,258.01129,3.14159,9.14761,5.87808,1.77778,828.0
"t",-0.14142,0.98995,135.35139,0.9746,74.33034,-0.67267,0.73994,253.11332,2.35619,6.71656,3.21028,3.53125,875.0
"t",0.0,1.0,125.39936,1.16067,54.42426,-0.34911,0.93708,237.21689,1.5708,7.44798,3.65912,2.67578,641.0
"t",0.0,1.0,139.43099,1.03653,54.40588,-0.58817,0.80874,277.06854,1.5708,4.23953,1.66998,1.5625,672.0
"t",-0.15206,0.98837,136.01471,1.2723,68.68042,-0.27664,0.96097,232.99952,1.76819,7.43918,3.6796,2.65625,750.0
"t",0.0,1.0,143.75674,1.05424,70.71068,-0.48083,0.87681,271.78018,-1.5708,4.21559,2.57194,1.78516,656.0
"t",-0.27472,0.96152,112.37882,1.05938,61.7171,-0.64812,0.76154,203.63175,3.46334,4.84992,2.0461,1.44531,578.0
"t",-0.14142,0.98995,124.34227,1.02072,74.88658,-0.56085,0.82792,226.73775,4.95737,6.69326,3.58015,1.13778,578.0
"t",-0.5145,0.85749,110.46266,1.1112,49.92995,-0.54076,0.84118,205.80759,3.78509,7.15419,3.1499,2.81778,657.0
"t",-0.44721,0.89443,230.55585,0.767,123.66487,-0.86524,0.50135,458.324,3.68201,7.26747,3.59294,4.47266,860.0
"t",-0.03123,0.99951,140.00357,1.08798,84.21995,-0.49869,0.86678,239.86816,3.08735,3.70334,1.4492,1.73828,407.0
"t",0.0,1.0,214.75568,1.01121,116.77757,-0.6765,0.73644,400.90282,3.14159,5.95437,3.89455,3.0625,578.0
"t",0.0,1.0,95.52487,1.03217,46.64762,-0.5145,0.85749,186.6613,3.26595,5.12996,2.14426,0.58203,594.0
"t",-0.14142,0.98995,123.06502,1.1435,76.53757,-0.48342,0.87539,211.15156,4.46741,5.43868,2.26626,1.16406,562.0
"t",-0.14142,0.98995,105.11898,1.08588,60.74537,-0.34571,0.93834,192.50574,3.14159,5.44638,3.36686,1.42578,672.0
"t",-0.14142,0.98995,153.56106,1.06054,65.19202,-0.53688,0.84366,301.22989,1.67388,4.68555,2.08226,2.07031,578.0
"t",-0.37139,0.92848,161.96605,1.13753,73.82412,-0.41992,0.90756,305.54809,2.35619,5.48934,2.09728,2.45703,656.0
"t",-0.11043,0.99388,161.44968,1.11546,63.60031,-0.59748,0.80188,301.79148,1.44644,3.84715,1.32287,3.28516,625.0
"t",-0.5547,0.83205,160.7047,1.22149,77.20104,-0.28497,0.95854,290.01422,2.35619,4.90155,1.86532,1.72266,687.0
"u",0.0,1.0,83.52844,1.016,42.04759,0.99887,-0.04757,161.23323,3.92699,4.1757,1.79426,1.28125,547.0
"u",0.0,1.0,60.0,0.9273,36.87818,0.97619,0.21693,103.71783,3.14159,4.08472,1.52575,0.16444,656.0
"u",0.27472,0.96152,64.44377,0.84029,43.93177,0.97879,-0.20486,104.77421,2.67795,7.2522,3.67339,0.42578,531.0
"u",-0.14142,0.98995,84.0595,1.00589,43.73786,0.98313,0.18291,154.92335,3.14159,5.14012,2.33743,1.48,453.0
"u",0.0,1.0,77.15569,0.73956,57.42822,0.99254,0.12189,126.91778,3.14159,3.93575,1.51538,0.44141,516.0
"u",0.37139,0.92848,61.22091,0.90116,38.63936,0.98345,0.18116,110.76693,2.35619,4.90306,2.50137,0.47266,469.0
"u",0.0,1.0,70.72482,0.8054,50.69517,0.96656,0.25643,114.52119,3.14159,4.07336,1.29232,0.52,672.0
"u",0.1644,0.98639,84.40379,0.93677,51.66237,0.96782,0.25163,143.40289,3.14159,4.17061,1.2904,0.82813,672.0
"u",0.0,1.0,79.24645,0.7497,58.00862,0.99985,0.01724,139.36308,3.14159,4.10157,1.35555,0.55556,547.0
"u",0.0,1.0,75.66373,0.79474,53.23533,-0.99558,0.09392,132.6643,-3.14159,5.83002,2.16824,0.22222,766.0
"u",0.0,1.0,107.44766,0.89751,99.82485,0.67118,0.7413,250.63485,4.24874,7.55582,3.59302,1.17778,812.0
"u",0.0,1.0,67.47592,0.87985,43.10452,0.99758,-0.0696,121.38922,3.14159,5.14638,3.3749,0.64063,547.0
"u",0.0,1.0,46.01087,0.83152,31.01612,-0.99948,0.03224,89.06397,0.0,13.85337,12.03138,0.07111,1360.0
"u",0.0,1.0,97.30879,0.88001,61.0,0.98361,-0.18033,171.63189,3.46334,3.71205,1.18834,1.22656,453.0
"u",0.1644,0.98639,83.00602,0.93934,46.09772,0.99788,0.06508,160.59088,3.14159,7.33422,3.27888,1.13778,547.0
"u",0.09054,0.99589,99.985,1.03552,50.01,0.9998,0.02,199.66988,2.35619,4.54549,2.2796,0.67578,640.0
"u",0.89443,0.44721,114.20158,0.92204,68.11755,0.99827,-0.05872,204.22089,1.5708,4.97022,2.13252,2.64889,390.0
"u",0.0,1.0,111.64676,1.03499,60.53924,0.92502,-0.37992,190.76047,3.14159,4.0016,1.35876,0.86222,422.0
"u",0.0,1.0,58.89822,0.86954,38.01316,0.99965,0.02631,108.30113,3.14159,4.0338,1.48351,0.55556,531.0
"u",0.0,1.0,69.89278,0.97883,39.45884,0.98837,-0.15206,128.25256,3.14159,3.78509,1.32245,0.31641,422.0
"v",0.24254,0.97014,75.16648,0.99386,43.32436,0.94635,-0.32314,121.91241,-1.19029,3.648,1.98253,1.51563,578.0
"v",0.0,1.0,87.00575,0.9158,54.12947,0.97913,0.20322,142.37373,-0.46365,3.43896,2.10257,1.44444,563.0
"v",0.0,1.0,73.78347,0.99783,40.0125,0.99969,0.02499,136.18419,-0.7854,3.20154,1.3079,0.87556,515.0
"v",0.31623,0.94868,90.27181,0.88741,58.69412,0.97114,-0.23852,140.76847,-0.51915,3.51152,1.23033,2.40444,453.0
"v",0.70711,0.70711,73.87828,0.88126,48.76474,0.96381,0.26659,115.80853,1.5708,6.48642,3.52512,1.14063,438.0
"v",0.37139,0.92848,90.68627,0.72298,68.00735,0.99989,-0.0147,142.15485,0.7854,6.69438,4.97994,1.39063,625.0
"v",0.0,1.0,91.5478,0.87046,59.4138,0.99304,0.11782,148.2382,-1.5708,3.2508,1.1837,1.26953,500.0
"v",0.37139,0.92848,88.4138,0.80939,61.0082,0.99987,0.01639,142.87113,-1.24905,3.15718,1.15393,1.35556,484.0
"v",0.5547,0.83205,108.57716,0.87016,71.38627,0.98058,-0.19612,170.50084,0.32175,3.39627,1.70392,7.53778,422.0
"v",-0.44721,0.89443,114.56003,0.77305,82.60751,-0.99265,0.12105,177.00484,-0.0555,3.41275,1.75833,0.89778,657.0
"v",0.24254,0.97014,75.16648,0.99386,43.32436,0.94635,-0.32314,121.91241,-1.19029,3.648,1.98253,1.51563,578.0
"v",0.70711,0.70711,132.65368,0.86544,87.86353,0.97879,-0.20486,206.21962,-0.7854,3.54305,1.34938,4.84766,438.0
"v",1.0,0.0,110.53506,0.72138,84.34453,0.98406,-0.17784,170.95139,-2.35619,8.37737,4.5002,0.66222,1734.0
"v",0.0,1.0,112.48555,0.81683,79.30952,0.97088,-0.23957,167.56021,1.5708,3.08224,1.48173,3.28889,422.0
"v",0.44721,0.89443,98.4124,0.83572,67.46851,0.97823,-0.2075,149.34462,-1.3734,3.74351,2.13855,1.39556,406.0
"v",0.0,1.0,75.45197,0.96441,44.38468,0.9688,0.24783,125.14697,-0.7854,3.14333,0.77175,1.01778,438.0
"v",0.0,1.0,85.42833,0.90154,55.08176,0.96221,0.27232,136.44792,0.7854,7.87719,5.48753,0.78125,625.0
"v",0.24254,0.97014,108.30051,0.83112,73.68175,0.99075,-0.13572,173.88412,-0.46365,3.30282,0.81536,1.15625,500.0
"v",0.0,1.0,116.77757,0.8278,79.00633,0.99992,0.01266,194.05512,1.5708,5.52065,3.28316,3.79111,641.0
"v",1.0,0.0,92.19544,0.70863,70.5762,0.99184,0.12752,135.23893,-0.7854,9.35862,5.57069,1.23828,984.0
"w",0.0,1.0,111.8034,0.82335,69.87131,0.98753,-0.15743,249.68839,8.63938,9.40582,4.83789,1.13778,1125.0
"w",0.0,1.0,58.0,0.80978,35.0571,0.99837,0.05705,135.3627,4.71239,9.4492,7.34935,0.36444,985.0
"w",0.0,1.0,75.28612,0.69134,57.42822,0.99254,0.12189,139.42996,6.28319,9.52809,5.19134,0.57031,875.0
"w",0.35112,0.93633,62.24147,0.80812,42.0119,0.99972,0.0238,135.14671,4.33188,11.90858,8.12321,0.21778,1031.0
"w",0.0,1.0,70.00714,0.7955,44.10215,0.99768,0.06802,152.0121,4.71239,11.52808,6.21963,0.46222,1031.0
"w",0.0,1.0,75.66373,0.77605,50.01,0.9798,0.19996,148.89032,6.28319,10.06828,6.98787,0.4,922.0
"w",0.44721,0.89443,92.358,0.585,76.23647,0.9969,0.0787,168.61392,7.06858,10.93526,5.27268,1.11111,828.0
"w",-0.19612,0.98058,75.80237,0.93521,44.72136,0.89443,0.44721,151.49601,6.74683,10.42093,5.76854,0.47266,922.0
"w",0.0,1.0,63.89053,0.69674,48.50773,0.98953,0.14431,127.34091,6.28319,9.61341,5.35786,0.25,875.0
"w",0.0,1.0,110.80162,0.63809,89.35883,0.99598,-0.08953,267.72557,7.33484,19.49058,12.19577,0.64,1672.0
"w",0.0,1.0,161.24515,0.76786,107.51744,0.98589,-0.16741,336.45982,8.31763,8.76925,4.59129,2.67111,766.0
"w",0.31623,0.94868,113.60018,0.64174,88.0,1.0,0.0,230.57404,7.06858,11.19344,6.03756,1.19141,813.0
"w",0.0,1.0,103.9471,0.7922,73.4983,0.96601,0.25851,246.72522,6.74683,7.28449,3.87031,1.60444,875.0
"w",0.24254,0.97014,94.92102,0.72577,69.06519,0.99906,-0.04344,221.07063,5.81954,7.75656,4.4534,1.20889,750.0
"w",0.0,1.0,77.62087,0.66669,60.87693,0.96917,0.2464,137.13543,7.85398,9.42478,5.22294,0.5625,813.0
"w",0.1644,0.98639,89.19641,0.83298,59.43904,0.97579,0.21871,196.21455,5.49779,7.98721,4.14743,1.0,703.0
"w",0.70711,-0.70711,116.6919,0.76722,87.09191,0.9645,-0.26409,227.49674,4.71239,8.15417,3.8883,1.40625,703.0
"w",0.0,1.0,49.20366,0.9151,30.36445,0.95506,0.2964,100.32697,6.28319,7.71627,5.38944,0.15625,1375.0
"w",0.0,1.0,81.32035,0.79409,54.45181,0.9917,-0.12855,171.10044,7.06858,9.63332,5.13717,1.19141,750.0
"w",0.44721,0.89443,58.69412,0.77335,39.20459,0.99478,-0.10203,122.95811,6.74683,14.83437,10.48388,0.4,891.0
"x",0.44721,0.89443,72.86288,0.75628,42.04759,-0.04757,0.99887,178.66269,1.89255,6.26906,3.6501,2.31111,625.0
"x",0.39392,0.91915,147.51271,0.86217,97.6934,-0.38897,0.92125,325.92629,0.26985,3.49932,1.54632,7.15625,719.0
"x",0.14142,0.98995,94.03191,0.99754,39.11521,-0.0767,0.99705,229.31445,1.5708,4.61609,2.00716,2.32,797.0
"x",0.0,1.0,82.13404,0.83708,62.16912,-0.19302,0.98119,211.67329,2.35619,9.9533,6.63338,2.03125,812.0
"x",0.37139,0.92848,68.41053,0.90975,46.38965,-0.12934,0.9916,167.5944,5.81954,9.82393,6.84831,1.39063,843.0
"x",0.6,0.8,75.28612,0.87946,46.32494,0.23745,0.9714,194.65066,1.89255,3.46917,1.56365,2.83203,657.0
"x",0.44721,0.89443,66.4003,0.92428,44.0,0.0,1.0,174.54917,1.10715,7.86236,5.20492,0.95703,844.0
"x",0.70711,0.70711,94.57801,0.98866,50.08992,0.05989,0.9982,240.65389,1.89255,11.84855,7.36413,2.46222,969.0
"x",0.70711,0.70711,61.84658,0.88848,38.11824,0.0787,0.9969,153.7938,0.1419,7.18979,3.89882,0.89453,1109.0
"x",0.44721,0.89443,155.79474,0.83989,106.73331,-0.22486,0.97439,351.29876,5.69518,7.28895,2.79792,3.70703,578.0
"x",0.0,1.0,141.22677,0.70018,89.31965,-0.36946,0.92925,314.14933,3.7296,7.27499,4.40974,4.31641,1141.0
"x",0.94868,0.31623,92.09777,0.84686,50.48762,-0.13865,0.99034,200.64472,4.00376,7.44988,4.34874,1.07556,547.0
"x",0.76822,0.64018,153.83758,0.90519,102.23991,-0.06847,0.99765,338.33597,0.25981,4.48591,1.96507,10.19531,563.0
"x",0.5547,0.83205,100.65784,0.8557,69.11584,-0.05787,0.99832,260.59532,3.60524,7.2574,4.14392,2.82031,719.0
"x",0.31623,0.94868,82.73452,0.79394,56.30275,-0.33746,0.94134,200.54284,0.1419,6.40182,3.43585,2.26563,844.0
"x",0.70711,0.70711,66.46804,0.7854,34.23449,0.11684,0.99315,164.35235,2.35619,5.00539,3.04327,1.0625,657.0
"x",-0.44721,-0.89443,90.78546,0.86336,57.38467,-0.38338,0.92359,227.22441,1.5708,8.89529,5.1541,0.78906,812.0
"x",0.70711,0.70711,76.05919,0.88784,58.30952,0.1029,0.99469,208.78967,3.60524,9.97658,6.39926,1.72266,719.0
"x",0.31623,0.94868,68.62215,0.81632,46.09772,-0.06508,0.99788,170.96972,4.71239,6.75716,3.073,0.50222,672.0
"x",0.0,1.0,71.06335,0.88507,42.0,0.0,1.0,183.44597,3.92699,7.50245,3.39731,1.08889,797.0
"y",0.70711,0.70711,176.17321,1.2293,97.00515,0.60822,0.79377,455.89639,0.7854,10.99004,6.51794,2.77778,859.0
"y",0.0,1.0,108.07868,1.1817,71.84706,0.57066,0.82119,267.2502,-1.32582,10.20784,5.10192,3.48889,875.0
"y",-0.37139,0.92848,108.70603,1.08246,65.79514,0.72954,0.68394,279.25696,-2.35619,8.5629,4.30761,2.00889,844.0
"y",0.13216,0.99123,123.54756,1.0637,73.23933,0.81923,0.57346,301.11893,-1.24905,9.18892,3.97462,1.44444,860.0
"y",-0.19612,0.98058,92.65528,0.96184,61.58734,0.84433,0.53582,243.46173,-0.7854,9.76457,4.9489,1.72266,797.0
"y",0.12403,0.99228,134.26094,1.19721,71.02112,0.53505,0.84482,340.68267,-1.89255,9.76075,4.78497,1.97778,781.0
"y",0.70711,0.70711,114.03947,1.10715,59.64059,0.82159,0.57008,285.55745,-1.40565,9.96321,4.69292,3.70703,734.0
"y",0.70711,0.70711,142.33763,1.22683,87.23531,0.42414,0.9056,287.34849,-1.10715,9.59807,4.66704,3.85156,796.0
"y",0.0,1.0,105.70241,1.16218,58.69412,0.71557,0.69854,283.17992,-1.10715,11.03376,5.86903,1.77778,828.0
"y",0.31623,0.94868,171.94476,0.74838,103.84604,0.96296,0.26963,429.31029,1.12842,12.51811,5.73624,1.45778,1344.0
"y",0.0,1.0,165.32392,0.96602,94.59387,0.97258,-0.23257,437.59468,-0.34877,9.76965,3.93666,1.66016,1188.0
"y",-0.27472,0.96152,141.7921,1.12607,88.81441,0.58549,0.81068,367.30918,-1.24905,10.10148,4.27393,2.91016,844.0
"y",0.09054,0.99589,223.03363,1.00269,122.80065,0.86319,-0.50488,512.10639,1.2925,9.60089,3.91705,2.44141,1281.0
"y",0.0,1.0,186.55294,1.13352,110.11358,0.63571,0.77193,416.24716,-1.32582,9.88382,4.73821,16.28444,796.0
"y",0.70711,0.70711,109.77249,1.1683,65.94695,0.65204,0.75819,249.1937,3.46334,10.98917,6.07453,2.81778,750.0
"y",0.19612,0.98058,84.87638,0.96972,55.56978,0.86378,0.50387,213.29943,-1.5708,10.70326,6.63099,0.65778,750.0
"y",0.19612,0.98058,105.11898,1.08588,72.24957,0.66436,0.74741,238.0103,-2.03444,8.73742,4.22055,3.50222,844.0
"y",-0.19612,0.98058,155.0774,1.17353,99.62429,0.58219,0.81305,319.47587,-1.5708,9.04425,4.4356,2.08203,875.0
"y",0.0,1.0,97.94386,1.01111,72.83543,0.71394,0.70021,223.32139,-1.10715,14.09878,8.44203,1.44,1047.0
"y",0.0,1.0,139.31619,1.16496,83.63014,0.65766,0.75332,360.43324,-1.24905,8.50317,3.7026,2.0,813.0
"z",0.89443,0.44721,56.22277,0.89883,52.15362,0.53688,0.84366,107.77983,2.03444,6.21433,3.35761,1.17778,578.0
"z",1.0,0.0,60.959,0.85505,60.20797,0.66436,0.74741,134.44329,1.5708,3.78053,2.34607,0.92444,922.0
"z",0.70711,0.70711,69.77105,1.09433,69.77105,0.45864,0.88862,124.6753,-0.7854,6.86767,4.10153,1.51953,765.0
"z",0.70711,0.70711,47.63402,0.8895,47.63402,0.6298,0.77676,103.54068,-1.5708,2.08116,1.11203,1.13281,797.0
"z",0.94868,0.31623,64.66065,0.88398,64.03124,0.6247,0.78087,138.59781,0.0,6.04301,3.73599,1.13281,703.0
"z",1.0,0.0,78.1025,0.87606,76.83749,0.6247,0.78087,162.9159,-0.0,2.59315,1.94846,0.73633,719.0
"z",0.70711,0.70711,77.00649,0.91431,72.94518,0.54836,0.83624,145.49653,-1.5708,4.11499,2.34544,1.47266,688.0
"z",0.85749,0.5145,79.20227,0.91972,77.62087,0.61839,0.78587,147.02746,-0.98279,4.36349,1.92032,0.66406,735.0
"z",1.0,0.0,78.24321,0.89406,78.24321,0.62625,0.77962,160.82148,0.0,2.1033,1.34297,1.26953,704.0
"z",1.0,0.0,128.06248,0.67474,97.94386,0.89847,0.43903,267.26986,1.76819,3.85318,1.75269,2.16406,718.0
"z",0.98995,0.14142,155.08062,0.56475,148.52946,0.88198,0.47129,296.84634,1.92957,14.06156,8.68256,3.52444,1000.0
"z",1.0,0.0,59.90826,0.98742,55.22681,0.52511,0.85104,119.27239,-3.14159,6.92669,4.22546,2.08,594.0
"z",1.0,0.0,105.47512,0.83234,77.7946,0.71984,0.69414,196.57607,0.0,5.42822,3.78727,1.8,735.0
"z",1.0,0.0,82.20097,0.63863,74.70609,0.88346,0.4685,184.94218,0.0,3.44465,1.70584,2.25781,609.0
"z",1.0,0.0,88.75246,0.98592,75.47185,0.53,0.848,173.77191,-0.0,4.05455,1.8548,4.00444,672.0
"z",1.0,0.0,69.06519,0.97075,62.64982,0.41501,0.90982,131.43407,0.0,6.773,3.50536,0.28906,860.0
"z",1.0,0.0,73.60027,0.93001,73.00685,0.58899,0.80814,150.26953,-1.5708,5.25763,2.89697,0.57778,828.0
"z",0.94868,0.31623,69.11584,1.02293,63.07139,0.42809,0.90374,134.34856,0.7854,7.1445,4.57298,0.91016,922.0
"z",-1.0,0.0,79.20227,0.91972,71.11962,0.46401,0.88583,163.66374,-1.5708,3.77396,2.58562,1.22266,860.0
"z",0.94868,0.31623,72.67049,0.97134,71.84706,0.57066,0.82119,150.52145,2.35619,3.35559,1.87962,3.35111,875.0
